customer_id,name,age,gender,zip_code,email,phone_number,member_status,join_date,last_purchase_date,total_spend,avg_order_value,frequency,preferred_category,churn_status,age_group,total_purchases,total_revenue,recency_days,avg_purchase_value,cluster,segment,recommendation,cltv
1001.0,Customer_0,47.0,M,69005,cust0@example.com,,Silver,2022-05-02,2022-05-02,660.9,17.56,5,Хлеб,0,45+,12.0,106.3,56.0,8.858333333333333,3,At Risk,Отправлять напоминания и скидки для reactivation.,212.6
1002.0,Customer_1,70.0,M,69001,cust1@example.com,0644343985,Basic,2023-07-27,2023-05-13,1236.84,22.95,6,Выпечка,0,45+,10.0,82.5,73.0,8.25,3,At Risk,Отправлять напоминания и скидки для reactivation.,165.0
1003.0,Customer_2,23.0,M,69006,cust2@example.com,0612825259,Basic,2022-03-16,2022-03-16,1257.49,37.48,9,Выпечка,0,18-24,7.0,75.69999999999999,43.0,10.814285714285713,1,Lost,Фокус на win-back кампаниях с большими скидками.,151.39999999999998
1004.0,Customer_3,55.0,M,69009,cust3@example.com,06992058,Basic,2022-07-03,2022-07-03,1311.04,49.75,4,Хлеб,0,45+,17.0,251.8,8.0,14.811764705882354,0,Champions,Предлагать премиум-продукты и программы лояльности для удержания.,503.6
1005.0,Customer_4,27.0,M,69007,cust4@example.com,0629312710,Basic,2021-09-18,2021-09-18,743.74,42.83,19,Тарты,0,25-34,14.0,146.7,6.0,10.478571428571428,0,Champions,Предлагать премиум-продукты и программы лояльности для удержания.,293.4
1006.0,Customer_5,62.0,F,69008,cust5@example.com,0617465738,Basic,2021-10-22,2021-10-22,1081.96,22.91,5,Хлеб,0,45+,11.0,156.5,10.0,14.227272727272727,3,At Risk,Отправлять напоминания и скидки для reactivation.,313.0
1007.0,Customer_6,35.0,M,69003,cust6@example.com,06384129,Silver,2021-11-12,2021-11-12,340.63,17.64,18,Тарты,0,35-44,15.0,154.2,55.0,10.28,0,Champions,Предлагать премиум-продукты и программы лояльности для удержания.,308.4
1008.0,Customer_7,69.0,F,69006,cust7@example.com,0621093695,Silver,2021-10-19,2021-10-19,1320.87,7.37,11,Выпечка,1,45+,7.0,179.5,28.0,25.642857142857142,3,At Risk,Отправлять напоминания и скидки для reactivation.,359.0
1009.0,Customer_8,74.0,M,69003,cust8@example.com,0661410124,Silver,2022-05-15,2022-05-15,1678.66,43.58,5,Тарты,1,45+,7.0,93.3,4.0,13.328571428571427,1,Lost,Фокус на win-back кампаниях с большими скидками.,186.6
1010.0,Customer_9,48.0,F,69006,cust9@example.com,0676150673,Silver,2022-10-22,2022-10-22,454.56,32.47,16,Хлеб,1,45+,8.0,55.6,11.0,6.95,1,Lost,Фокус на win-back кампаниях с большими скидками.,111.2
1011.0,Customer_10,59.0,M,69004,cust10@example.com,0616600257,Silver,2021-10-22,2021-10-22,785.58,21.91,5,Тарты,0,45+,10.0,154.7,54.0,15.469999999999999,3,At Risk,Отправлять напоминания и скидки для reactivation.,309.4
1012.0,Customer_11,31.0,M,69008,cust11@example.com,0689374772,Gold,2021-11-17,2021-11-17,1574.88,44.19,15,Хлеб,1,25-34,10.0,100.1,158.0,10.01,3,At Risk,Отправлять напоминания и скидки для reactivation.,200.2
1013.0,Customer_12,46.0,M,69002,cust12@example.com,,Gold,2021-12-18,2021-12-18,244.57,11.31,1,Выпечка,0,45+,11.0,312.1,100.0,28.372727272727275,0,Champions,Предлагать премиум-продукты и программы лояльности для удержания.,624.2
1014.0,Customer_13,38.0,F,69001,cust13@example.com,0651643015,Silver,2022-02-07,2022-02-07,263.91,20.46,2,Хлеб,0,35-44,9.0,159.3,60.0,17.700000000000003,3,At Risk,Отправлять напоминания и скидки для reactivation.,318.6
1015.0,Customer_14,23.0,F,69001,cust14@example.com,,Silver,2022-12-20,2022-12-20,768.92,23.13,10,Тарты,0,18-24,13.0,96.5,24.0,7.423076923076923,3,At Risk,Отправлять напоминания и скидки для reactivation.,193.0
1016.0,Customer_15,65.0,F,69001,cust15@example.com,0670772073,Basic,2021-12-24,2021-12-24,1996.17,30.56,15,Выпечка,0,45+,6.0,53.7,87.0,8.950000000000001,1,Lost,Фокус на win-back кампаниях с большими скидками.,107.4
1017.0,Customer_16,73.0,F,69004,cust16@example.com,0613621743,Silver,2022-11-21,2022-11-21,1728.62,21.23,4,Тарты,0,45+,5.0,124.0,47.0,24.8,1,Lost,Фокус на win-back кампаниях с большими скидками.,248.0
1018.0,Customer_17,31.0,F,69001,cust17@example.com,0684283750,Gold,2022-04-09,2022-04-09,848.62,14.95,8,Тарты,0,25-34,8.0,56.4,25.0,7.05,1,Lost,Фокус на win-back кампаниях с большими скидками.,112.8
1019.0,Customer_18,20.0,M,69005,cust18@example.com,,Silver,2022-12-27,2022-12-27,1706.5,31.36,9,Выпечка,0,18-24,13.0,111.4,36.0,8.569230769230769,3,At Risk,Отправлять напоминания и скидки для reactivation.,222.8
1020.0,Customer_19,35.0,F,69004,cust19@example.com,0639893999,Silver,2022-11-03,2022-11-03,1718.34,41.39,3,Тарты,0,35-44,8.0,78.6,55.0,9.825,1,Lost,Фокус на win-back кампаниях с большими скидками.,157.2
1021.0,Customer_20,58.0,F,69007,cust20@example.com,0647861457,Gold,2021-12-25,2021-12-25,858.59,45.31,5,Выпечка,0,45+,8.0,179.4,13.0,22.425,3,At Risk,Отправлять напоминания и скидки для reactivation.,358.8
1022.0,Customer_21,50.0,M,69006,cust21@example.com,0630002543,Silver,2021-10-26,2021-10-26,1211.24,47.65,19,Хлеб,0,45+,10.0,196.9,73.0,19.69,3,At Risk,Отправлять напоминания и скидки для reactivation.,393.8
1023.0,Customer_22,27.0,F,69009,cust22@example.com,,Basic,2022-09-27,2022-09-27,856.9,23.95,2,Тарты,0,25-34,9.0,172.5,49.0,19.166666666666668,3,At Risk,Отправлять напоминания и скидки для reactivation.,345.0
1024.0,Customer_23,35.0,M,69009,cust23@example.com,0699140563,Basic,2021-12-12,2021-12-12,1146.56,20.0,12,Выпечка,1,35-44,10.0,164.8,12.0,16.48,3,At Risk,Отправлять напоминания и скидки для reactivation.,329.6
1025.0,Customer_24,30.0,F,69009,cust24@example.com,0665660035,Basic,2022-05-16,2022-05-16,554.5,26.23,7,Тарты,0,25-34,7.0,57.300000000000004,9.0,8.185714285714287,1,Lost,Фокус на win-back кампаниях с большими скидками.,114.60000000000001
1026.0,Customer_25,34.0,F,69009,cust25@example.com,,Basic,2022-08-26,2022-08-26,179.7,12.35,7,Хлеб,0,25-34,9.0,106.5,61.0,11.833333333333334,3,At Risk,Отправлять напоминания и скидки для reactivation.,213.0
1027.0,Customer_26,55.0,F,69005,cust26@example.com,0617781207,Silver,2022-02-15,2022-02-15,309.31,9.72,4,Хлеб,0,45+,8.0,162.39999999999998,51.0,20.299999999999997,3,At Risk,Отправлять напоминания и скидки для reactivation.,324.79999999999995
1028.0,Customer_27,19.0,M,69003,cust27@example.com,0696185484,Basic,2022-11-23,2022-11-23,673.95,42.62,3,Тарты,0,18-24,12.0,166.6,23.0,13.883333333333333,0,Champions,Предлагать премиум-продукты и программы лояльности для удержания.,333.2
1029.0,Customer_28,47.432432432432435,F,69008,cust28@example.com,0649560756,Silver,2022-10-27,2022-10-27,649.36,6.44,9,Хлеб,1,45+,8.0,75.2,6.0,9.4,1,Lost,Фокус на win-back кампаниях с большими скидками.,150.4
,Customer_29,69.0,F,69001,cust29@example.com,0628693862,Basic,2021-12-19,2021-12-19,1257.71,13.41,9,Выпечка,0,45+,0.0,0.0,999.0,0.0,2,Loyal,Увеличивать частоту покупок через персонализированные предложения.,0.0
1031.0,Customer_30,59.0,F,69005,cust30@example.com,0652363848,Basic,2022-03-28,2022-03-28,1265.08,29.89,13,Выпечка,0,45+,13.0,162.5,38.0,12.5,0,Champions,Предлагать премиум-продукты и программы лояльности для удержания.,325.0
1032.0,Customer_31,40.0,M,69006,cust31@example.com,0637854117,Silver,2021-12-20,2021-12-20,755.99,37.45,8,Хлеб,0,35-44,10.0,127.8,54.0,12.78,3,At Risk,Отправлять напоминания и скидки для reactivation.,255.6
1033.0,Customer_32,73.0,M,69006,cust32@example.com,,Basic,2022-06-29,2022-06-29,318.42,33.57,9,Выпечка,0,45+,9.0,148.1,41.0,16.455555555555556,3,At Risk,Отправлять напоминания и скидки для reactivation.,296.2
1034.0,Customer_33,51.0,F,69005,cust33@example.com,0665528085,Basic,2022-12-19,2022-12-19,1587.43,18.17,14,Тарты,0,45+,10.0,96.5,21.0,9.65,3,At Risk,Отправлять напоминания и скидки для reactivation.,193.0
1035.0,Customer_34,32.0,F,69002,cust34@example.com,0679833187,Basic,2022-03-15,2022-03-15,1757.42,49.84,2,Выпечка,0,25-34,7.0,46.0,32.0,6.571428571428571,1,Lost,Фокус на win-back кампаниях с большими скидками.,92.0
1036.0,Customer_35,39.0,F,69005,cust35@example.com,0647112508,Basic,2022-04-02,2022-04-02,1556.5,49.22,8,Выпечка,1,35-44,11.0,66.0,35.0,6.0,3,At Risk,Отправлять напоминания и скидки для reactivation.,132.0
1037.0,Customer_36,47.432432432432435,M,69002,cust36@example.com,0657308332,Basic,2021-09-29,2021-09-29,1819.22,44.02,18,Выпечка,0,45+,9.0,114.0,10.0,12.666666666666666,3,At Risk,Отправлять напоминания и скидки для reactivation.,228.0
1038.0,Customer_37,71.0,M,69006,cust37@example.com,0672893319,Silver,2021-11-09,2021-11-09,1291.53,33.26,8,Тарты,0,45+,12.0,108.0,19.0,9.0,3,At Risk,Отправлять напоминания и скидки для reactivation.,216.0
1039.0,Customer_38,42.0,M,69002,cust38@example.com,0627045323,Basic,2022-09-02,2022-09-02,1630.78,36.84,3,Тарты,0,35-44,8.0,80.1,19.0,10.0125,1,Lost,Фокус на win-back кампаниях с большими скидками.,160.2
1040.0,Customer_39,55.0,M,69009,cust39@example.com,0636598560,Silver,2022-05-20,2022-05-20,690.06,5.58,13,Тарты,0,45+,8.0,93.9,5.0,11.7375,1,Lost,Фокус на win-back кампаниях с большими скидками.,187.8
1041.0,Customer_40,69.0,M,69005,cust40@example.com,0628267439,Basic,2022-10-03,2022-10-03,165.45,39.05,18,Тарты,0,45+,14.0,128.2,64.0,9.157142857142857,0,Champions,Предлагать премиум-продукты и программы лояльности для удержания.,256.4
1042.0,Customer_41,50.0,F,69005,cust41@example.com,,Silver,2022-02-12,2022-02-12,841.13,26.49,1,Тарты,0,45+,11.0,159.89999999999998,8.0,14.536363636363633,3,At Risk,Отправлять напоминания и скидки для reactivation.,319.79999999999995
1043.0,Customer_42,41.0,F,69001,cust42@example.com,,Gold,2022-01-13,2022-01-13,203.9,7.15,9,Выпечка,0,35-44,9.0,71.5,10.0,7.944444444444445,1,Lost,Фокус на win-back кампаниях с большими скидками.,143.0
1044.0,Customer_43,22.0,M,69007,cust43@example.com,0680265429,Basic,2022-02-18,2022-02-18,412.2,47.76,18,Выпечка,0,18-24,10.0,214.5,2.0,21.45,0,Champions,Предлагать премиум-продукты и программы лояльности для удержания.,429.0
1045.0,Customer_44,43.0,F,69005,cust44@example.com,0657678454,Basic,2022-07-23,2022-07-23,1923.6,22.43,14,Хлеб,0,35-44,8.0,115.0,26.0,14.375,3,At Risk,Отправлять напоминания и скидки для reactivation.,230.0
1046.0,Customer_45,30.0,M,69003,cust45@example.com,0621184233,Basic,2022-02-03,2022-02-03,1699.38,48.11,8,Хлеб,1,25-34,11.0,225.3,36.0,20.481818181818184,0,Champions,Предлагать премиум-продукты и программы лояльности для удержания.,450.6
1047.0,Customer_46,70.0,M,69009,cust46@example.com,0671153105,Basic,2022-01-03,2022-01-03,730.59,7.79,5,Выпечка,1,45+,15.0,139.9,9.0,9.326666666666666,0,Champions,Предлагать премиум-продукты и программы лояльности для удержания.,279.8
1048.0,Customer_47,35.0,F,69007,cust47@example.com,0684263055,Silver,2021-12-24,2021-12-24,339.74,16.19,11,Хлеб,0,35-44,3.0,19.5,71.0,6.5,1,Lost,Фокус на win-back кампаниях с большими скидками.,39.0
1049.0,Customer_48,44.0,M,69004,cust48@example.com,0639753235,Silver,2022-02-14,2022-02-14,1847.4,10.63,16,Тарты,0,35-44,8.0,170.5,29.0,21.3125,3,At Risk,Отправлять напоминания и скидки для reactivation.,341.0
1050.0,Customer_49,69.0,M,69003,cust49@example.com,0660216941,Basic,2022-12-16,2022-12-16,1786.22,38.52,13,Тарты,0,45+,9.0,75.0,75.0,8.333333333333334,1,Lost,Фокус на win-back кампаниях с большими скидками.,150.0
1051.0,Customer_50,49.0,F,69001,cust50@example.com,0662081048,Basic,2021-09-07,2021-09-07,725.02,37.31,1,Хлеб,0,45+,13.0,136.8,6.0,10.523076923076925,3,At Risk,Отправлять напоминания и скидки для reactivation.,273.6
1052.0,Customer_51,60.0,M,69001,cust51@example.com,0653877724,Silver,2022-12-26,2022-12-26,200.25,27.41,7,Тарты,0,45+,5.0,83.3,3.0,16.66,1,Lost,Фокус на win-back кампаниях с большими скидками.,166.6
1053.0,Customer_52,34.0,M,69002,cust52@example.com,0696941753,Basic,2022-05-18,2022-05-18,989.62,44.4,2,Хлеб,0,25-34,6.0,72.9,22.0,12.15,1,Lost,Фокус на win-back кампаниях с большими скидками.,145.8
1054.0,Customer_53,27.0,F,69009,cust53@example.com,0624115779,Basic,2022-12-18,2022-12-18,1963.17,32.37,5,Тарты,1,25-34,12.0,235.8,56.0,19.650000000000002,0,Champions,Предлагать премиум-продукты и программы лояльности для удержания.,471.6
1055.0,Customer_54,24.0,F,69009,cust54@example.com,0629864210,Basic,2022-09-14,2022-09-14,1014.08,25.98,10,Хлеб,1,18-24,10.0,78.8,23.0,7.88,3,At Risk,Отправлять напоминания и скидки для reactivation.,157.6
1056.0,Customer_55,73.0,M,69003,cust55@example.com,0633603122,Basic,2022-09-01,2022-09-01,291.49,19.12,10,Выпечка,0,45+,10.0,134.0,20.0,13.4,3,At Risk,Отправлять напоминания и скидки для reactivation.,268.0
1057.0,Customer_56,74.0,F,69008,cust56@example.com,0670299107,Basic,2022-09-18,2022-09-18,898.66,44.3,14,Хлеб,0,45+,10.0,145.6,21.0,14.559999999999999,3,At Risk,Отправлять напоминания и скидки для reactivation.,291.2
1058.0,Customer_57,65.0,M,69005,cust57@example.com,0638726188,Silver,2021-12-03,2021-12-03,1460.61,11.28,1,Выпечка,0,45+,9.0,121.5,119.0,13.5,3,At Risk,Отправлять напоминания и скидки для reactivation.,243.0
1059.0,Customer_58,63.0,M,69009,cust58@example.com,06485768,Basic,2021-10-29,2021-10-29,1587.64,8.49,18,Выпечка,0,45+,14.0,128.7,36.0,9.192857142857141,0,Champions,Предлагать премиум-продукты и программы лояльности для удержания.,257.4
1060.0,Customer_59,21.0,M,69003,cust59@example.com,06758525,Basic,2022-07-28,2022-07-28,910.58,13.16,13,Тарты,0,18-24,11.0,104.9,18.0,9.536363636363637,3,At Risk,Отправлять напоминания и скидки для reactivation.,209.8
1061.0,Customer_60,27.0,M,69007,cust60@example.com,0613430484,Basic,2022-11-03,2022-11-03,386.81,29.54,17,Хлеб,0,25-34,7.0,62.5,12.0,8.928571428571429,1,Lost,Фокус на win-back кампаниях с большими скидками.,125.0
1062.0,Customer_61,43.0,M,69004,cust61@example.com,0663839013,Basic,2022-09-24,2022-09-24,704.4,26.73,5,Тарты,0,35-44,4.0,51.1,26.0,12.775,1,Lost,Фокус на win-back кампаниях с большими скидками.,102.2
1063.0,Customer_62,37.0,F,69001,cust62@example.com,0659737795,Basic,2022-06-01,2022-06-01,621.83,35.38,5,Хлеб,0,35-44,11.0,95.0,11.0,8.636363636363637,3,At Risk,Отправлять напоминания и скидки для reactivation.,190.0
1064.0,Customer_63,48.0,M,69006,cust63@example.com,0621634784,Silver,2021-10-24,2021-10-24,1216.24,11.28,18,Хлеб,0,45+,11.0,97.0,49.0,8.818181818181818,3,At Risk,Отправлять напоминания и скидки для reactivation.,194.0
1065.0,Customer_64,24.0,F,69005,cust64@example.com,0630460723,Basic,2022-07-16,2022-07-16,640.73,36.29,9,Хлеб,0,18-24,10.0,113.2,87.0,11.32,3,At Risk,Отправлять напоминания и скидки для reactivation.,226.4
1066.0,Customer_65,67.0,M,69002,cust65@example.com,0682787234,Basic,2021-12-31,2021-12-31,1249.1,8.85,19,Тарты,1,45+,9.0,97.8,8.0,10.866666666666667,3,At Risk,Отправлять напоминания и скидки для reactivation.,195.6
1067.0,Customer_66,68.0,M,69007,cust66@example.com,0648444367,Silver,2022-09-27,2022-09-27,284.9,45.13,12,Хлеб,0,45+,9.0,140.3,30.0,15.58888888888889,3,At Risk,Отправлять напоминания и скидки для reactivation.,280.6
1068.0,Customer_67,47.432432432432435,M,69009,cust67@example.com,0643376445,Basic,2022-12-02,2022-12-02,277.1,28.82,16,Выпечка,0,45+,15.0,144.2,21.0,9.613333333333333,0,Champions,Предлагать премиум-продукты и программы лояльности для удержания.,288.4
1069.0,Customer_68,61.0,F,69001,cust68@example.com,0644117672,Basic,2022-03-15,2022-03-15,990.46,32.49,16,Тарты,0,45+,8.0,90.0,23.0,11.25,1,Lost,Фокус на win-back кампаниях с большими скидками.,180.0
1070.0,Customer_69,21.0,M,69005,cust69@example.com,0652066495,Basic,2022-09-11,2022-09-11,277.97,5.9,3,Выпечка,0,18-24,7.0,158.0,8.0,22.571428571428573,3,At Risk,Отправлять напоминания и скидки для reactivation.,316.0
1071.0,Customer_70,75.0,M,69003,cust70@example.com,0635026326,Silver,2022-09-14,2022-09-14,820.28,28.05,11,Тарты,0,45+,9.0,118.4,33.0,13.155555555555557,3,At Risk,Отправлять напоминания и скидки для reactivation.,236.8
1072.0,Customer_71,33.0,F,69008,cust71@example.com,06851666,Silver,2021-11-26,2021-11-26,852.85,42.52,8,Хлеб,0,25-34,9.0,141.4,27.0,15.711111111111112,3,At Risk,Отправлять напоминания и скидки для reactivation.,282.8
1073.0,Customer_72,43.0,M,69005,cust72@example.com,0693165620,Gold,2021-12-26,2021-12-26,832.65,14.07,9,Тарты,0,35-44,11.0,131.7,44.0,11.97272727272727,3,At Risk,Отправлять напоминания и скидки для reactivation.,263.4
1074.0,Customer_73,71.0,M,69009,cust73@example.com,0692625001,Gold,2021-09-09,2021-09-09,1496.9,20.75,16,Хлеб,1,45+,8.0,153.5,74.0,19.1875,3,At Risk,Отправлять напоминания и скидки для reactivation.,307.0
1075.0,Customer_74,56.0,F,69005,cust74@example.com,0687399026,Silver,2021-08-19,2021-08-19,381.28,31.0,17,Тарты,1,45+,12.0,192.3,37.0,16.025000000000002,0,Champions,Предлагать премиум-продукты и программы лояльности для удержания.,384.6
1076.0,Customer_75,66.0,F,69005,cust75@example.com,06342563,Basic,2022-12-06,2022-12-06,145.16,38.33,15,Хлеб,0,45+,11.0,48.5,19.0,4.409090909090909,3,At Risk,Отправлять напоминания и скидки для reactivation.,97.0
1077.0,Customer_76,36.0,F,69003,cust76@example.com,0681396347,Basic,2022-04-25,2022-04-25,338.72,14.32,13,Тарты,1,35-44,7.0,109.0,68.0,15.571428571428571,1,Lost,Фокус на win-back кампаниях с большими скидками.,218.0
1078.0,Customer_77,21.0,F,69003,cust77@example.com,0611334093,Basic,2022-02-14,2022-02-14,1765.65,13.77,1,Выпечка,0,18-24,8.0,90.0,10.0,11.25,1,Lost,Фокус на win-back кампаниях с большими скидками.,180.0
1079.0,Customer_78,31.0,F,69007,cust78@example.com,0698591621,Basic,2022-10-23,2022-10-23,314.23,21.96,16,Тарты,0,25-34,8.0,79.8,76.0,9.975,1,Lost,Фокус на win-back кампаниях с большими скидками.,159.6
1080.0,Customer_79,56.0,F,69009,cust79@example.com,0685863985,Basic,2021-08-27,2021-08-27,1138.88,22.22,8,Хлеб,0,45+,7.0,56.2,141.0,8.028571428571428,1,Lost,Фокус на win-back кампаниях с большими скидками.,112.4
1081.0,Customer_80,74.0,M,69001,cust80@example.com,0649114944,Basic,2022-05-19,2022-05-19,1964.08,29.81,4,Выпечка,0,45+,16.0,120.80000000000001,27.0,7.550000000000001,0,Champions,Предлагать премиум-продукты и программы лояльности для удержания.,241.60000000000002
1082.0,Customer_81,55.0,M,69007,cust81@example.com,06579235,Basic,2022-06-13,2022-06-13,1819.78,33.17,6,Хлеб,0,45+,10.0,83.2,15.0,8.32,3,At Risk,Отправлять напоминания и скидки для reactivation.,166.4
1083.0,Customer_82,34.0,M,69009,cust82@example.com,0684323707,Silver,2021-12-14,2021-12-14,1565.02,42.82,17,Тарты,0,25-34,13.0,184.1,76.0,14.161538461538461,0,Champions,Предлагать премиум-продукты и программы лояльности для удержания.,368.2
1084.0,Customer_83,25.0,M,69004,cust83@example.com,0641092363,Silver,2021-12-24,2021-12-24,1626.53,39.42,14,Хлеб,0,25-34,8.0,73.9,27.0,9.2375,1,Lost,Фокус на win-back кампаниях с большими скидками.,147.8
1085.0,Customer_84,54.0,M,69007,cust84@example.com,06325393,Silver,2021-11-30,2021-11-30,218.71,35.78,7,Тарты,0,45+,6.0,46.4,175.0,7.733333333333333,1,Lost,Фокус на win-back кампаниях с большими скидками.,92.8
1086.0,Customer_85,74.0,M,69004,cust85@example.com,0625778008,Basic,2021-09-26,2021-09-26,197.99,30.02,6,Тарты,0,45+,10.0,105.7,75.0,10.57,3,At Risk,Отправлять напоминания и скидки для reactivation.,211.4
1087.0,Customer_86,36.0,M,69003,cust86@example.com,,Basic,2022-10-27,2022-10-27,60.79,19.08,17,Хлеб,0,35-44,9.0,70.4,126.0,7.822222222222223,1,Lost,Фокус на win-back кампаниях с большими скидками.,140.8
1088.0,Customer_87,36.0,M,69001,cust87@example.com,0622470517,Basic,2022-05-04,2022-05-04,479.13,22.46,11,Тарты,0,35-44,7.0,77.1,16.0,11.014285714285714,1,Lost,Фокус на win-back кампаниях с большими скидками.,154.2
1089.0,Customer_88,32.0,M,69006,cust88@example.com,0623341657,Basic,2022-11-08,2022-11-08,406.73,27.71,12,Хлеб,0,25-34,11.0,113.0,0.0,10.272727272727273,3,At Risk,Отправлять напоминания и скидки для reactivation.,226.0
1090.0,Customer_89,25.0,F,69005,cust89@example.com,0675200117,Silver,2022-09-30,2022-09-30,243.94,23.72,2,Тарты,0,25-34,10.0,183.8,57.0,18.380000000000003,3,At Risk,Отправлять напоминания и скидки для reactivation.,367.6
1091.0,Customer_90,68.0,M,69006,cust90@example.com,0671388334,Basic,2022-12-11,2022-12-11,411.81,28.95,5,Тарты,1,45+,13.0,137.4,5.0,10.569230769230769,3,At Risk,Отправлять напоминания и скидки для reactivation.,274.8
1092.0,Customer_91,35.0,M,69006,cust91@example.com,0613015351,Basic,2021-11-13,2021-11-13,1888.49,41.37,1,Выпечка,0,35-44,17.0,185.4,2.0,10.905882352941177,0,Champions,Предлагать премиум-продукты и программы лояльности для удержания.,370.8
1093.0,Customer_92,59.0,M,69002,cust92@example.com,06205071,Basic,2022-08-31,2022-08-31,1889.86,16.92,8,Тарты,1,45+,10.0,99.4,40.0,9.940000000000001,3,At Risk,Отправлять напоминания и скидки для reactivation.,198.8
1094.0,Customer_93,30.0,F,69009,cust93@example.com,0663643009,Basic,2022-08-01,2022-08-01,695.57,27.53,11,Тарты,1,25-34,9.0,105.3,10.0,11.7,3,At Risk,Отправлять напоминания и скидки для reactivation.,210.6
1095.0,Customer_94,34.0,F,69004,cust94@example.com,0650111106,Silver,2022-03-05,2022-03-05,581.54,27.66,2,Выпечка,1,25-34,14.0,208.70000000000002,48.0,14.907142857142858,0,Champions,Предлагать премиум-продукты и программы лояльности для удержания.,417.40000000000003
1096.0,Customer_95,31.0,M,69003,cust95@example.com,0690093286,Basic,2021-08-23,2021-08-23,1660.54,29.93,17,Хлеб,0,25-34,13.0,204.7,27.0,15.746153846153845,0,Champions,Предлагать премиум-продукты и программы лояльности для удержания.,409.4
1097.0,Customer_96,41.0,F,69009,cust96@example.com,06865135,Basic,2022-01-07,2022-01-07,912.29,40.46,12,Тарты,0,35-44,11.0,112.8,21.0,10.254545454545454,3,At Risk,Отправлять напоминания и скидки для reactivation.,225.6
1098.0,Customer_97,64.0,M,69004,cust97@example.com,06364023,Gold,2021-09-22,2021-09-22,943.23,42.51,16,Выпечка,0,45+,9.0,126.8,11.0,14.088888888888889,3,At Risk,Отправлять напоминания и скидки для reactivation.,253.6
1099.0,Customer_98,65.0,M,69009,cust98@example.com,06331942,Basic,2022-11-18,2022-11-18,423.46,27.9,10,Хлеб,0,45+,10.0,168.5,69.0,16.85,3,At Risk,Отправлять напоминания и скидки для reactivation.,337.0
1100.0,Customer_99,70.0,M,69008,cust99@example.com,0670757230,Basic,2022-02-25,2022-02-25,56.74,10.03,14,Хлеб,0,45+,9.0,178.9,80.0,19.87777777777778,3,At Risk,Отправлять напоминания и скидки для reactivation.,357.8
1101.0,Customer_100,47.432432432432435,F,69005,cust100@example.com,0644210533,Basic,2021-12-08,2021-12-08,1766.77,44.03,9,Хлеб,0,45+,12.0,116.3,26.0,9.691666666666666,3,At Risk,Отправлять напоминания и скидки для reactivation.,232.6
1102.0,Customer_101,37.0,M,69008,cust101@example.com,,Silver,2022-08-26,2022-08-26,1907.13,13.52,19,Выпечка,1,35-44,13.0,126.6,0.0,9.738461538461538,3,At Risk,Отправлять напоминания и скидки для reactivation.,253.2
1103.0,Customer_102,75.0,M,69006,cust102@example.com,06276622,Basic,2022-11-27,2022-11-27,801.44,36.87,19,Тарты,0,45+,14.0,202.2,40.0,14.442857142857141,0,Champions,Предлагать премиум-продукты и программы лояльности для удержания.,404.4
1104.0,Customer_103,28.0,M,69009,cust103@example.com,0652099049,Gold,2022-07-13,2022-07-13,1955.36,22.49,11,Тарты,0,25-34,6.0,51.6,41.0,8.6,1,Lost,Фокус на win-back кампаниях с большими скидками.,103.2
1105.0,Customer_104,47.432432432432435,F,69004,cust104@example.com,06639535,Basic,2022-05-18,2022-05-18,263.05,32.71,13,Выпечка,0,45+,10.0,96.10000000000001,56.0,9.610000000000001,3,At Risk,Отправлять напоминания и скидки для reactivation.,192.20000000000002
1106.0,Customer_105,47.432432432432435,M,69007,cust105@example.com,0677191001,Basic,2022-05-28,2022-05-28,907.39,24.48,9,Выпечка,0,45+,4.0,57.2,100.0,14.3,1,Lost,Фокус на win-back кампаниях с большими скидками.,114.4
1107.0,Customer_106,47.0,M,69003,cust106@example.com,,Basic,2022-02-11,2022-02-11,1516.11,9.76,3,Тарты,0,45+,6.0,62.0,2.0,10.333333333333334,1,Lost,Фокус на win-back кампаниях с большими скидками.,124.0
1108.0,Customer_107,21.0,F,69008,cust107@example.com,0682244717,Silver,2022-08-29,2022-08-29,346.58,11.4,4,Выпечка,0,18-24,16.0,139.7,65.0,8.73125,0,Champions,Предлагать премиум-продукты и программы лояльности для удержания.,279.4
1109.0,Customer_108,26.0,F,69002,cust108@example.com,0631923895,Silver,2022-10-14,2022-10-14,774.01,23.21,5,Хлеб,0,25-34,10.0,170.0,6.0,17.0,3,At Risk,Отправлять напоминания и скидки для reactivation.,340.0
1110.0,Customer_109,52.0,F,69008,cust109@example.com,06967496,Basic,2022-11-11,2022-11-11,175.71,41.96,14,Хлеб,0,45+,16.0,101.3,1.0,6.33125,0,Champions,Предлагать премиум-продукты и программы лояльности для удержания.,202.6
1111.0,Customer_110,19.0,F,69003,cust110@example.com,0624733947,Basic,2022-05-10,2022-05-10,1808.53,5.85,7,Тарты,0,18-24,14.0,161.7,16.0,11.549999999999999,0,Champions,Предлагать премиум-продукты и программы лояльности для удержания.,323.4
1112.0,Customer_111,73.0,F,69007,cust111@example.com,0614978115,Silver,2022-07-09,2022-07-09,1574.85,31.38,10,Хлеб,0,45+,10.0,239.5,25.0,23.95,0,Champions,Предлагать премиум-продукты и программы лояльности для удержания.,479.0
1113.0,Customer_112,47.432432432432435,F,69004,cust112@example.com,,Basic,2022-04-16,2022-04-16,203.74,39.76,6,Выпечка,1,45+,9.0,136.5,11.0,15.166666666666666,3,At Risk,Отправлять напоминания и скидки для reactivation.,273.0
1114.0,Customer_113,32.0,F,69005,cust113@example.com,0635115491,Silver,2022-12-06,2022-12-06,804.35,27.61,18,Тарты,1,25-34,14.0,104.0,1.0,7.428571428571429,3,At Risk,Отправлять напоминания и скидки для reactivation.,208.0
1115.0,Customer_114,68.0,F,69004,cust114@example.com,0672943838,Basic,2022-09-28,2022-09-28,839.79,20.91,11,Хлеб,0,45+,9.0,133.7,1.0,14.855555555555554,3,At Risk,Отправлять напоминания и скидки для reactivation.,267.4
1116.0,Customer_115,67.0,M,69005,cust115@example.com,0618586793,Gold,2022-03-30,2022-03-30,1149.38,5.75,18,Хлеб,0,45+,15.0,258.8,56.0,17.253333333333334,0,Champions,Предлагать премиум-продукты и программы лояльности для удержания.,517.6
1117.0,Customer_116,72.0,M,69006,cust116@example.com,0664282706,Silver,2022-11-19,2022-11-19,993.08,21.58,3,Тарты,0,45+,11.0,152.8,10.0,13.890909090909092,3,At Risk,Отправлять напоминания и скидки для reactivation.,305.6
1118.0,Customer_117,21.0,M,69009,cust117@example.com,0646488493,Silver,2022-01-18,2022-01-18,1564.95,48.07,19,Выпечка,1,18-24,9.0,78.4,50.0,8.711111111111112,1,Lost,Фокус на win-back кампаниях с большими скидками.,156.8
1119.0,Customer_118,42.0,M,69001,cust118@example.com,06974945,Basic,2022-10-26,2022-10-26,412.88,20.41,1,Хлеб,0,35-44,18.0,210.4,31.0,11.68888888888889,0,Champions,Предлагать премиум-продукты и программы лояльности для удержания.,420.8
1120.0,Customer_119,29.0,F,69009,cust119@example.com,0646433632,Basic,2022-02-22,2022-02-22,1084.21,40.04,6,Тарты,0,25-34,14.0,254.39999999999998,8.0,18.17142857142857,0,Champions,Предлагать премиум-продукты и программы лояльности для удержания.,508.79999999999995
1121.0,Customer_120,32.0,M,69006,cust120@example.com,0621508478,Basic,2021-10-11,2021-10-11,957.59,25.52,7,Тарты,0,25-34,9.0,107.5,47.0,11.944444444444445,3,At Risk,Отправлять напоминания и скидки для reactivation.,215.0
1122.0,Customer_121,74.0,F,69004,cust121@example.com,06379075,Basic,2021-09-10,2021-09-10,991.52,38.75,19,Хлеб,0,45+,14.0,164.0,43.0,11.714285714285714,0,Champions,Предлагать премиум-продукты и программы лояльности для удержания.,328.0
1123.0,Customer_122,56.0,M,69001,cust122@example.com,0631277685,Basic,2021-12-02,2021-12-02,809.53,9.41,17,Выпечка,0,45+,5.0,19.0,12.0,3.8,1,Lost,Фокус на win-back кампаниях с большими скидками.,38.0
1124.0,Customer_123,67.0,M,69003,cust123@example.com,0688457119,Basic,2022-03-10,2022-03-10,1419.56,21.37,19,Выпечка,0,45+,10.0,189.1,12.0,18.91,3,At Risk,Отправлять напоминания и скидки для reactivation.,378.2
1125.0,Customer_124,42.0,M,69002,cust124@example.com,0650260702,Basic,2021-11-07,2021-11-07,174.7,20.42,11,Хлеб,0,35-44,9.0,116.0,85.0,12.88888888888889,3,At Risk,Отправлять напоминания и скидки для reactivation.,232.0
1126.0,Customer_125,63.0,F,69004,cust125@example.com,0626938965,Basic,2022-03-22,2022-03-22,1007.02,10.61,1,Выпечка,0,45+,16.0,169.3,40.0,10.58125,0,Champions,Предлагать премиум-продукты и программы лояльности для удержания.,338.6
1127.0,Customer_126,72.0,M,69001,cust126@example.com,06615619,Basic,2021-12-12,2021-12-12,1342.51,39.51,17,Тарты,0,45+,9.0,105.9,15.0,11.766666666666667,3,At Risk,Отправлять напоминания и скидки для reactivation.,211.8
1128.0,Customer_127,47.432432432432435,F,69001,cust127@example.com,0634838732,Silver,2022-08-18,2022-08-18,1727.19,39.19,18,Хлеб,0,45+,18.0,141.5,10.0,7.861111111111111,0,Champions,Предлагать премиум-продукты и программы лояльности для удержания.,283.0
1129.0,Customer_128,67.0,F,69008,cust128@example.com,0686456386,Gold,2022-12-14,2022-12-14,157.23,7.68,17,Выпечка,0,45+,7.0,55.5,36.0,7.928571428571429,1,Lost,Фокус на win-back кампаниях с большими скидками.,111.0
1130.0,Customer_129,47.0,F,69001,cust129@example.com,0624776090,Basic,2021-12-03,2021-12-03,1595.18,7.27,16,Выпечка,0,45+,9.0,106.2,23.0,11.8,3,At Risk,Отправлять напоминания и скидки для reactivation.,212.4
1131.0,Customer_130,27.0,M,69009,cust130@example.com,0643469875,Basic,2022-08-15,2022-08-15,1849.38,30.77,11,Выпечка,0,25-34,6.0,121.29999999999998,95.0,20.216666666666665,1,Lost,Фокус на win-back кампаниях с большими скидками.,242.59999999999997
1132.0,Customer_131,59.0,M,69009,cust131@example.com,0677474803,Basic,2021-10-15,2021-10-15,1056.01,49.09,13,Выпечка,1,45+,7.0,109.4,6.0,15.62857142857143,1,Lost,Фокус на win-back кампаниях с большими скидками.,218.8
1133.0,Customer_132,49.0,M,69001,cust132@example.com,0635695258,Silver,2022-03-26,2022-03-26,1629.86,41.23,5,Хлеб,0,45+,14.0,308.6,29.0,22.042857142857144,0,Champions,Предлагать премиум-продукты и программы лояльности для удержания.,617.2
1134.0,Customer_133,30.0,M,69006,cust133@example.com,0623175973,Silver,2022-04-09,2022-04-09,237.29,6.48,9,Тарты,0,25-34,15.0,268.3,11.0,17.886666666666667,0,Champions,Предлагать премиум-продукты и программы лояльности для удержания.,536.6
1135.0,Customer_134,41.0,F,69001,cust134@example.com,06102364,Basic,2022-06-01,2022-06-01,1791.25,37.08,13,Хлеб,0,35-44,11.0,202.0,7.0,18.363636363636363,0,Champions,Предлагать премиум-продукты и программы лояльности для удержания.,404.0
1136.0,Customer_135,72.0,M,69007,cust135@example.com,0683172060,Basic,2021-09-25,2021-09-25,1310.13,17.03,1,Хлеб,0,45+,11.0,160.7,17.0,14.609090909090908,3,At Risk,Отправлять напоминания и скидки для reactivation.,321.4
1137.0,Customer_136,35.0,M,69002,cust136@example.com,0647305248,Basic,2022-07-24,2022-07-24,1414.92,39.71,16,Выпечка,0,35-44,10.0,74.2,0.0,7.42,3,At Risk,Отправлять напоминания и скидки для reactivation.,148.4
1138.0,Customer_137,59.0,F,69001,cust137@example.com,06593125,Basic,2022-08-03,2022-08-03,253.92,48.33,6,Выпечка,0,45+,10.0,183.60000000000002,44.0,18.360000000000003,3,At Risk,Отправлять напоминания и скидки для reactivation.,367.20000000000005
1139.0,Customer_138,47.432432432432435,M,69002,cust138@example.com,0626146701,Silver,2022-03-29,2022-03-29,645.08,10.83,10,Тарты,0,45+,6.0,63.5,40.0,10.583333333333334,1,Lost,Фокус на win-back кампаниях с большими скидками.,127.0
1140.0,Customer_139,44.0,F,69005,cust139@example.com,0622801665,Silver,2021-12-11,2021-12-11,504.28,21.03,12,Хлеб,0,35-44,6.0,70.1,3.0,11.683333333333332,1,Lost,Фокус на win-back кампаниях с большими скидками.,140.2
1141.0,Customer_140,21.0,M,69005,cust140@example.com,0675670472,Basic,2022-01-15,2022-01-15,710.06,42.89,13,Хлеб,0,18-24,5.0,29.4,66.0,5.88,1,Lost,Фокус на win-back кампаниях с большими скидками.,58.8
1142.0,Customer_141,56.0,F,69003,cust141@example.com,0684671554,Basic,2021-10-02,2021-10-02,328.46,37.79,5,Выпечка,0,45+,10.0,86.5,63.0,8.65,3,At Risk,Отправлять напоминания и скидки для reactivation.,173.0
1143.0,Customer_142,41.0,M,69006,cust142@example.com,0667812919,Basic,2021-09-28,2021-09-28,277.28,31.72,17,Тарты,0,35-44,12.0,133.4,55.0,11.116666666666667,3,At Risk,Отправлять напоминания и скидки для reactivation.,266.8
1144.0,Customer_143,47.432432432432435,F,69001,cust143@example.com,,Basic,2022-01-31,2022-01-31,1053.77,26.9,15,Выпечка,0,45+,15.0,272.0,47.0,18.133333333333333,0,Champions,Предлагать премиум-продукты и программы лояльности для удержания.,544.0
1145.0,Customer_144,42.0,F,69004,cust144@example.com,0633186898,Basic,2022-10-02,2022-10-02,897.07,16.63,6,Тарты,0,35-44,8.0,41.8,8.0,5.225,1,Lost,Фокус на win-back кампаниях с большими скидками.,83.6
1146.0,Customer_145,42.0,M,69004,cust145@example.com,0653363920,Silver,2022-10-03,2022-10-03,1546.99,6.34,16,Выпечка,0,35-44,9.0,147.60000000000002,7.0,16.400000000000002,3,At Risk,Отправлять напоминания и скидки для reactivation.,295.20000000000005
1147.0,Customer_146,55.0,M,69008,cust146@example.com,0690302493,Basic,2022-06-19,2022-06-19,62.27,36.94,4,Тарты,1,45+,15.0,224.5,49.0,14.966666666666667,0,Champions,Предлагать премиум-продукты и программы лояльности для удержания.,449.0
1148.0,Customer_147,61.0,F,69004,cust147@example.com,0636122973,Silver,2022-08-15,2022-08-15,450.26,33.37,18,Хлеб,0,45+,8.0,67.0,16.0,8.375,1,Lost,Фокус на win-back кампаниях с большими скидками.,134.0
1149.0,Customer_148,57.0,M,69009,cust148@example.com,,Silver,2022-03-18,2022-03-18,1048.07,11.53,7,Тарты,0,45+,6.0,55.0,33.0,9.166666666666666,1,Lost,Фокус на win-back кампаниях с большими скидками.,110.0
1150.0,Customer_149,22.0,F,69002,cust149@example.com,0631281697,Basic,2021-10-08,2021-10-08,1045.96,29.66,3,Выпечка,0,18-24,9.0,156.2,20.0,17.355555555555554,3,At Risk,Отправлять напоминания и скидки для reactivation.,312.4
1151.0,Customer_150,68.0,M,69009,cust150@example.com,,Silver,2022-05-20,2022-05-20,636.25,27.25,12,Тарты,0,45+,17.0,133.7,10.0,7.864705882352941,0,Champions,Предлагать премиум-продукты и программы лояльности для удержания.,267.4
1152.0,Customer_151,43.0,F,69009,cust151@example.com,06103230,Silver,2022-05-28,2022-05-28,549.37,17.91,14,Хлеб,0,35-44,11.0,191.6,33.0,17.418181818181818,0,Champions,Предлагать премиум-продукты и программы лояльности для удержания.,383.2
1153.0,Customer_152,33.0,M,69001,cust152@example.com,0680115167,Silver,2022-06-08,2022-06-08,1445.75,9.01,3,Хлеб,0,25-34,15.0,105.19999999999999,6.0,7.013333333333333,0,Champions,Предлагать премиум-продукты и программы лояльности для удержания.,210.39999999999998
1154.0,Customer_153,70.0,F,69008,cust153@example.com,0667434210,Silver,2022-03-09,2022-03-09,1113.9,26.83,10,Хлеб,0,45+,10.0,159.0,40.0,15.9,3,At Risk,Отправлять напоминания и скидки для reactivation.,318.0
1155.0,Customer_154,47.432432432432435,F,69008,cust154@example.com,0689517034,Basic,2022-07-18,2022-07-18,137.13,44.68,7,Выпечка,0,45+,10.0,109.3,13.0,10.93,3,At Risk,Отправлять напоминания и скидки для reactivation.,218.6
1156.0,Customer_155,40.0,M,69001,cust155@example.com,0674035128,Basic,2022-06-29,2022-06-29,1493.98,37.67,15,Тарты,0,35-44,12.0,147.4,44.0,12.283333333333333,3,At Risk,Отправлять напоминания и скидки для reactivation.,294.8
1157.0,Customer_156,75.0,M,69007,cust156@example.com,0683683199,Gold,2022-03-27,2022-03-27,1649.62,19.53,3,Выпечка,0,45+,4.0,37.3,182.0,9.325,1,Lost,Фокус на win-back кампаниях с большими скидками.,74.6
1158.0,Customer_157,66.0,M,69004,cust157@example.com,06176667,Silver,2022-05-08,2022-05-08,1519.75,20.78,2,Тарты,0,45+,10.0,159.4,26.0,15.940000000000001,3,At Risk,Отправлять напоминания и скидки для reactivation.,318.8
1159.0,Customer_158,50.0,F,69003,cust158@example.com,0622424523,Basic,2021-09-12,2021-09-12,1798.39,28.32,7,Выпечка,0,45+,10.0,116.9,22.0,11.690000000000001,3,At Risk,Отправлять напоминания и скидки для reactivation.,233.8
1160.0,Customer_159,44.0,F,69009,cust159@example.com,0655815192,Silver,2022-04-27,2022-04-27,513.82,21.51,12,Хлеб,0,35-44,12.0,222.9,20.0,18.575,0,Champions,Предлагать премиум-продукты и программы лояльности для удержания.,445.8
1161.0,Customer_160,47.0,F,69001,cust160@example.com,06249529,Basic,2022-12-22,2022-12-22,229.05,18.45,15,Хлеб,0,45+,9.0,95.30000000000001,56.0,10.58888888888889,3,At Risk,Отправлять напоминания и скидки для reactivation.,190.60000000000002
1162.0,Customer_161,46.0,M,69002,cust161@example.com,0683145977,Gold,2022-03-28,2022-03-28,1380.96,8.17,4,Хлеб,1,45+,8.0,118.7,58.0,14.8375,3,At Risk,Отправлять напоминания и скидки для reactivation.,237.4
1163.0,Customer_162,47.432432432432435,F,69001,cust162@example.com,0651672911,Silver,2022-08-05,2022-08-05,1937.41,15.82,18,Выпечка,0,45+,10.0,93.0,14.0,9.3,3,At Risk,Отправлять напоминания и скидки для reactivation.,186.0
1164.0,Customer_163,37.0,F,69003,cust163@example.com,06202887,Silver,2022-12-31,2022-12-31,491.97,43.67,5,Выпечка,1,35-44,5.0,38.4,68.0,7.68,1,Lost,Фокус на win-back кампаниях с большими скидками.,76.8
1165.0,Customer_164,32.0,M,69007,cust164@example.com,0634757713,Basic,2021-09-15,2021-09-15,1303.12,38.96,2,Тарты,1,25-34,10.0,167.8,1.0,16.78,3,At Risk,Отправлять напоминания и скидки для reactivation.,335.6
1166.0,Customer_165,47.432432432432435,M,69005,cust165@example.com,0620112899,Basic,2022-12-09,2022-12-09,1781.98,26.33,11,Тарты,0,45+,7.0,61.599999999999994,84.0,8.799999999999999,1,Lost,Фокус на win-back кампаниях с большими скидками.,123.19999999999999
1167.0,Customer_166,54.0,M,69002,cust166@example.com,0633861086,Silver,2021-12-20,2021-12-20,387.82,48.85,12,Тарты,0,45+,11.0,93.1,40.0,8.463636363636363,3,At Risk,Отправлять напоминания и скидки для reactivation.,186.2
1168.0,Customer_167,54.0,F,69002,cust167@example.com,0683842812,Basic,2022-08-13,2022-08-13,183.17,40.49,2,Выпечка,0,45+,8.0,188.7,26.0,23.5875,3,At Risk,Отправлять напоминания и скидки для reactivation.,377.4
1169.0,Customer_168,24.0,M,69005,cust168@example.com,0666031536,Basic,2021-09-04,2021-09-04,633.21,41.33,8,Тарты,0,18-24,10.0,92.8,117.0,9.28,3,At Risk,Отправлять напоминания и скидки для reactivation.,185.6
1170.0,Customer_169,55.0,M,69003,cust169@example.com,0659301624,Silver,2022-10-08,2022-10-08,987.18,31.79,14,Выпечка,0,45+,13.0,211.7,0.0,16.284615384615385,0,Champions,Предлагать премиум-продукты и программы лояльности для удержания.,423.4
1171.0,Customer_170,71.0,F,69006,cust170@example.com,0658615863,Basic,2022-11-19,2022-11-19,1850.48,41.32,12,Тарты,0,45+,11.0,148.0,29.0,13.454545454545455,3,At Risk,Отправлять напоминания и скидки для reactivation.,296.0
1172.0,Customer_171,28.0,F,69008,cust171@example.com,,Basic,2022-11-07,2022-11-07,84.44,34.48,14,Тарты,0,25-34,10.0,172.6,0.0,17.259999999999998,3,At Risk,Отправлять напоминания и скидки для reactivation.,345.2
1173.0,Customer_172,39.0,M,69004,cust172@example.com,0644552520,Basic,2022-10-12,2022-10-12,1128.99,26.75,4,Хлеб,0,35-44,11.0,162.0,8.0,14.727272727272727,3,At Risk,Отправлять напоминания и скидки для reactivation.,324.0
1174.0,Customer_173,27.0,M,69005,cust173@example.com,,Basic,2022-02-11,2022-02-11,583.79,33.57,4,Тарты,1,25-34,8.0,126.0,98.0,15.75,3,At Risk,Отправлять напоминания и скидки для reactivation.,252.0
1175.0,Customer_174,58.0,M,69009,cust174@example.com,0632306718,Silver,2022-03-12,2022-03-12,1674.91,28.94,11,Тарты,0,45+,11.0,168.0,5.0,15.272727272727273,3,At Risk,Отправлять напоминания и скидки для reactivation.,336.0
1176.0,Customer_175,67.0,M,69007,cust175@example.com,0696345411,Basic,2021-10-27,2021-10-27,1731.6,44.17,15,Хлеб,0,45+,7.0,182.9,0.0,26.12857142857143,3,At Risk,Отправлять напоминания и скидки для reactivation.,365.8
1177.0,Customer_176,34.0,M,69007,cust176@example.com,0641207779,Silver,2022-02-11,2022-02-11,567.5,23.46,4,Тарты,1,25-34,11.0,164.5,27.0,14.954545454545455,3,At Risk,Отправлять напоминания и скидки для reactivation.,329.0
1178.0,Customer_177,44.0,F,69005,cust177@example.com,0626492656,Silver,2021-08-30,2021-08-30,1352.01,28.74,10,Хлеб,0,35-44,18.0,332.1,23.0,18.450000000000003,0,Champions,Предлагать премиум-продукты и программы лояльности для удержания.,664.2
1179.0,Customer_178,21.0,F,69009,cust178@example.com,0641525568,Basic,2022-03-30,2022-03-30,1330.18,33.05,6,Выпечка,0,18-24,3.0,21.0,75.0,7.0,1,Lost,Фокус на win-back кампаниях с большими скидками.,42.0
1180.0,Customer_179,55.0,M,69001,cust179@example.com,0614287755,Silver,2022-08-08,2022-08-08,1636.85,20.41,11,Выпечка,0,45+,5.0,69.5,81.0,13.9,1,Lost,Фокус на win-back кампаниях с большими скидками.,139.0
1181.0,Customer_180,67.0,F,69008,cust180@example.com,0641404185,Basic,2022-09-03,2022-09-03,1490.62,13.9,4,Тарты,0,45+,14.0,188.99999999999997,2.0,13.499999999999998,0,Champions,Предлагать премиум-продукты и программы лояльности для удержания.,377.99999999999994
1182.0,Customer_181,68.0,F,69003,cust181@example.com,0615918782,Basic,2021-11-09,2021-11-09,722.82,32.79,14,Тарты,1,45+,10.0,121.4,51.0,12.14,3,At Risk,Отправлять напоминания и скидки для reactivation.,242.8
1183.0,Customer_182,36.0,M,69005,cust182@example.com,0661474437,Silver,2022-09-13,2022-09-13,78.12,18.14,5,Выпечка,0,35-44,10.0,100.8,7.0,10.08,3,At Risk,Отправлять напоминания и скидки для reactivation.,201.6
1184.0,Customer_183,47.432432432432435,M,69006,cust183@example.com,0680407863,Silver,2022-08-28,2022-08-28,1613.0,27.35,2,Выпечка,0,45+,7.0,76.3,19.0,10.9,1,Lost,Фокус на win-back кампаниях с большими скидками.,152.6
1185.0,Customer_184,19.0,F,69009,cust184@example.com,,Gold,2022-09-20,2022-09-20,1397.32,26.91,18,Хлеб,1,18-24,12.0,100.4,5.0,8.366666666666667,3,At Risk,Отправлять напоминания и скидки для reactivation.,200.8
1186.0,Customer_185,72.0,M,69008,cust185@example.com,06922581,Basic,2022-03-10,2022-03-10,1393.04,28.45,10,Тарты,0,45+,9.0,151.6,24.0,16.844444444444445,3,At Risk,Отправлять напоминания и скидки для reactivation.,303.2
1187.0,Customer_186,42.0,F,69005,cust186@example.com,0624178352,Silver,2022-06-22,2022-06-22,1531.32,16.77,18,Выпечка,0,35-44,9.0,54.300000000000004,74.0,6.033333333333334,1,Lost,Фокус на win-back кампаниях с большими скидками.,108.60000000000001
1188.0,Customer_187,67.0,F,69005,cust187@example.com,0683388134,Basic,2022-03-17,2022-03-17,921.93,23.9,7,Выпечка,0,45+,11.0,111.0,49.0,10.090909090909092,3,At Risk,Отправлять напоминания и скидки для reactivation.,222.0
1189.0,Customer_188,48.0,F,69004,cust188@example.com,,Basic,2021-11-22,2021-11-22,1829.09,7.39,2,Выпечка,0,45+,7.0,94.7,42.0,13.528571428571428,1,Lost,Фокус на win-back кампаниях с большими скидками.,189.4
1190.0,Customer_189,42.0,F,69004,cust189@example.com,0634233528,Basic,2021-09-20,2021-09-20,1053.87,15.35,2,Выпечка,0,35-44,4.0,13.5,116.0,3.375,1,Lost,Фокус на win-back кампаниях с большими скидками.,27.0
1191.0,Customer_190,36.0,M,69006,cust190@example.com,06312337,Basic,2022-11-25,2022-11-25,164.6,12.08,18,Выпечка,0,35-44,12.0,262.3,42.0,21.858333333333334,0,Champions,Предлагать премиум-продукты и программы лояльности для удержания.,524.6
1192.0,Customer_191,47.432432432432435,F,69002,cust191@example.com,,Gold,2022-03-28,2022-03-28,1394.78,38.2,12,Выпечка,0,45+,16.0,183.8,3.0,11.4875,0,Champions,Предлагать премиум-продукты и программы лояльности для удержания.,367.6
1193.0,Customer_192,33.0,M,69002,cust192@example.com,0689942023,Silver,2022-02-10,2022-02-10,557.47,15.9,15,Хлеб,0,25-34,6.0,117.10000000000001,45.0,19.51666666666667,1,Lost,Фокус на win-back кампаниях с большими скидками.,234.20000000000002
1194.0,Customer_193,39.0,M,69003,cust193@example.com,0677800759,Basic,2021-09-02,2021-09-02,1878.47,48.08,9,Хлеб,0,35-44,10.0,88.2,20.0,8.82,3,At Risk,Отправлять напоминания и скидки для reactivation.,176.4
1195.0,Customer_194,74.0,F,69008,cust194@example.com,0638281172,Basic,2021-11-26,2021-11-26,755.6,36.74,4,Тарты,0,45+,11.0,77.3,14.0,7.027272727272727,3,At Risk,Отправлять напоминания и скидки для reactivation.,154.6
1196.0,Customer_195,64.0,M,69009,cust195@example.com,06571527,Basic,2021-09-11,2021-09-11,1131.32,5.58,13,Хлеб,0,45+,9.0,164.0,22.0,18.22222222222222,3,At Risk,Отправлять напоминания и скидки для reactivation.,328.0
1197.0,Customer_196,67.0,M,69008,cust196@example.com,,Basic,2021-09-03,2021-09-03,974.09,37.84,11,Хлеб,1,45+,15.0,182.5,8.0,12.166666666666666,0,Champions,Предлагать премиум-продукты и программы лояльности для удержания.,365.0
1198.0,Customer_197,21.0,F,69001,cust197@example.com,0636512620,Silver,2022-07-05,2022-07-05,1302.73,22.22,18,Хлеб,1,18-24,11.0,148.9,22.0,13.536363636363637,3,At Risk,Отправлять напоминания и скидки для reactivation.,297.8
1199.0,Customer_198,51.0,M,69002,cust198@example.com,0637133020,Basic,2022-05-12,2022-05-12,1521.84,17.09,13,Хлеб,0,45+,4.0,28.0,54.0,7.0,1,Lost,Фокус на win-back кампаниях с большими скидками.,56.0
1200.0,Customer_199,46.0,M,69005,cust199@example.com,0674809923,Basic,2022-10-31,2022-10-31,269.81,42.93,12,Тарты,0,45+,10.0,131.2,16.0,13.12,3,At Risk,Отправлять напоминания и скидки для reactivation.,262.4
